stuid,time,gpa,female,hsgpa
1,0,2.3,1,2.8
1,1,2.1,1,2.8
1,2,3,1,2.8
1,3,3,1,2.8
1,4,3,1,2.8
1,5,3.3,1,2.8
2,0,2.2,0,2.5
2,1,2.5,0,2.5
2,2,2.6,0,2.5
2,3,2.6,0,2.5
2,4,3,0,2.5
2,5,2.8,0,2.5
3,0,2.4,1,2.5
3,1,2.9,1,2.5
3,2,3,1,2.5
3,3,2.8,1,2.5
3,4,3.3,1,2.5
3,5,3.4,1,2.5
4,0,2.5,0,3.8
4,1,2.7,0,3.8
4,2,2.4,0,3.8
4,3,2.7,0,3.8
4,4,2.9,0,3.8
4,5,2.7,0,3.8
5,0,2.8,0,3.1
5,1,2.8,0,3.1
5,2,2.8,0,3.1
5,3,3,0,3.1
5,4,2.9,0,3.1
5,5,3.1,0,3.1
6,0,2.5,1,2.9
6,1,2.4,1,2.9
6,2,2.4,1,2.9
6,3,2.3,1,2.9
6,4,2.7,1,2.9
6,5,2.8,1,2.9
7,0,2.4,0,2.3
7,1,2.4,0,2.3
7,2,2.8,0,2.3
7,3,2.6,0,2.3
7,4,3,0,2.3
7,5,3,0,2.3
8,0,2.8,1,3.9
8,1,2.8,1,3.9
8,2,3.1,1,3.9
8,3,3.3,1,3.9
8,4,3.3,1,3.9
8,5,3.4,1,3.9
9,0,2.8,0,2
9,1,2.7,0,2
9,2,2.7,0,2
9,3,3.1,0,2
9,4,3.1,0,2
9,5,3.5,0,2
10,0,2.8,0,2.8
10,1,2.8,0,2.8
10,2,3,0,2.8
10,3,2.7,0,2.8
10,4,3,0,2.8
10,5,3,0,2.8
11,0,2.6,1,3.9
11,1,2.9,1,3.9
11,2,3.2,1,3.9
11,3,3.6,1,3.9
11,4,3.6,1,3.9
11,5,3.8,1,3.9
12,0,2.6,1,2.9
12,1,3,1,2.9
12,2,2.3,1,2.9
12,3,2.9,1,2.9
12,4,3.1,1,2.9
12,5,3.3,1,2.9
13,0,2.8,0,3.7
13,1,3.1,0,3.7
13,2,3.5,0,3.7
13,3,3.6,0,3.7
13,4,3.9,0,3.7
13,5,3.9,0,3.7
14,0,2.4,1,3.5
14,1,3,1,3.5
14,2,2.9,1,3.5
14,3,3,1,3.5
14,4,3.3,1,3.5
14,5,3.4,1,3.5
15,0,2.2,0,3.6
15,1,2.7,0,3.6
15,2,2.6,0,3.6
15,3,2.6,0,3.6
15,4,2.8,0,3.6
15,5,2.8,0,3.6
16,0,2.5,1,2.9
16,1,2.7,1,2.9
16,2,2.8,1,2.9
16,3,2.7,1,2.9
16,4,2.8,1,2.9
16,5,2.8,1,2.9
17,0,2.6,0,2.4
17,1,2.2,0,2.4
17,2,2.6,0,2.4
17,3,2.5,0,2.4
17,4,2.6,0,2.4
17,5,2.8,0,2.4
18,0,2.4,0,2.5
18,1,2.9,0,2.5
18,2,2,0,2.5
18,3,2.6,0,2.5
18,4,2.5,0,2.5
18,5,2.7,0,2.5
19,0,2.5,1,2.3
19,1,2.3,1,2.3
19,2,3,1,2.3
19,3,2.9,1,2.3
19,4,2.9,1,2.3
19,5,2.9,1,2.3
20,0,2.8,0,3.4
20,1,2.9,0,3.4
20,2,3.2,0,3.4
20,3,3.2,0,3.4
20,4,3.4,0,3.4
20,5,3.3,0,3.4
21,0,2.6,1,2.8
21,1,2.4,1,2.8
21,2,2.5,1,2.8
21,3,2.5,1,2.8
21,4,2.5,1,2.8
21,5,2.6,1,2.8
22,0,2.8,0,3.6
22,1,2.7,0,3.6
22,2,3.1,0,3.6
22,3,3.1,0,3.6
22,4,3,0,3.6
22,5,3.3,0,3.6
23,0,2.8,0,2.4
23,1,3.2,0,2.4
23,2,2.8,0,2.4
23,3,3,0,2.4
23,4,2.9,0,2.4
23,5,3,0,2.4
24,0,2.7,1,3.9
24,1,2.9,1,3.9
24,2,3,1,3.9
24,3,2.7,1,3.9
24,4,2.9,1,3.9
24,5,3,1,3.9
25,0,3.5,1,3.7
25,1,3.1,1,3.7
25,2,3,1,3.7
25,3,3.3,1,3.7
25,4,3.4,1,3.7
25,5,3.6,1,3.7
26,0,2.3,0,3
26,1,2.8,0,3
26,2,2.1,0,3
26,3,2.8,0,3
26,4,2.8,0,3
26,5,2.5,0,3
27,0,2.2,0,3.3
27,1,2.4,0,3.3
27,2,2.5,0,3.3
27,3,2.2,0,3.3
27,4,2.8,0,3.3
27,5,2.5,0,3.3
28,0,2.6,1,3.5
28,1,3.1,1,3.5
28,2,2.9,1,3.5
28,3,3.1,1,3.5
28,4,3.1,1,3.5
28,5,3.2,1,3.5
29,0,2.9,1,3.3
29,1,2.7,1,3.3
29,2,2.9,1,3.3
29,3,2.9,1,3.3
29,4,3.3,1,3.3
29,5,3.2,1,3.3
30,0,2.9,1,2.4
30,1,3,1,2.4
30,2,3.2,1,2.4
30,3,3.1,1,2.4
30,4,3.2,1,2.4
30,5,3.3,1,2.4
31,0,2.6,1,2
31,1,2.2,1,2
31,2,2.1,1,2
31,3,2.4,1,2
31,4,2.6,1,2
31,5,2.8,1,2
32,0,2.8,1,3.5
32,1,2.9,1,3.5
32,2,3,1,3.5
32,3,3.3,1,3.5
32,4,3.4,1,3.5
32,5,3.6,1,3.5
33,0,2.3,1,3.2
33,1,3,1,3.2
33,2,2.4,1,3.2
33,3,2.8,1,3.2
33,4,2.8,1,3.2
33,5,3,1,3.2
34,0,2.4,0,3.9
34,1,2.8,0,3.9
34,2,2.6,0,3.9
34,3,2.7,0,3.9
34,4,2.6,0,3.9
34,5,2.6,0,3.9
35,0,2.5,0,3.5
35,1,2.5,0,3.5
35,2,2.6,0,3.5
35,3,3.2,0,3.5
35,4,3.4,0,3.5
35,5,3.6,0,3.5
36,0,2.5,0,2.9
36,1,2.9,0,2.9
36,2,3,0,2.9
36,3,3.2,0,2.9
36,4,3,0,2.9
36,5,3.5,0,2.9
37,0,2.2,0,3
37,1,2.5,0,3
37,2,3.3,0,3
37,3,3.1,0,3
37,4,3.3,0,3
37,5,3.4,0,3
38,0,2.9,1,2.9
38,1,3.2,1,2.9
38,2,3.2,1,2.9
38,3,3.4,1,2.9
38,4,3.6,1,2.9
38,5,3.8,1,2.9
39,0,2.4,0,3.5
39,1,2.3,0,3.5
39,2,3,0,3.5
39,3,3.1,0,3.5
39,4,3.1,0,3.5
39,5,2.9,0,3.5
40,0,2.5,1,3.1
40,1,2.9,1,3.1
40,2,3.2,1,3.1
40,3,3.6,1,3.1
40,4,3.3,1,3.1
40,5,3.6,1,3.1
41,0,2.9,1,3.3
41,1,3.5,1,3.3
41,2,3.2,1,3.3
41,3,3.5,1,3.3
41,4,3.8,1,3.3
41,5,3.9,1,3.3
42,0,2.5,0,3.9
42,1,2.5,0,3.9
42,2,3.4,0,3.9
42,3,2.6,0,3.9
42,4,2.8,0,3.9
42,5,3,0,3.9
43,0,2,1,2.3
43,1,2.5,1,2.3
43,2,3.1,1,2.3
43,3,3.3,1,2.3
43,4,3.2,1,2.3
43,5,3.6,1,2.3
44,0,3.1,1,3.5
44,1,3,1,3.5
44,2,3.1,1,3.5
44,3,2.9,1,3.5
44,4,3.1,1,3.5
44,5,3.2,1,3.5
45,0,2.7,1,2.4
45,1,3.1,1,2.4
45,2,3,1,2.4
45,3,3.3,1,2.4
45,4,3.1,1,2.4
45,5,3.2,1,2.4
46,0,2.9,0,2.1
46,1,2.2,0,2.1
46,2,2.7,0,2.1
46,3,2.4,0,2.1
46,4,2.6,0,2.1
46,5,2.4,0,2.1
47,0,2.6,1,2.8
47,1,2.5,1,2.8
47,2,2.8,1,2.8
47,3,2.2,1,2.8
47,4,2.8,1,2.8
47,5,2.7,1,2.8
48,0,2.9,1,2.6
48,1,2.5,1,2.6
48,2,2.7,1,2.6
48,3,2.9,1,2.6
48,4,3,1,2.6
48,5,3.2,1,2.6
49,0,3.1,0,2.8
49,1,2.7,0,2.8
49,2,3,0,2.8
49,3,2.7,0,2.8
49,4,3,0,2.8
49,5,3.4,0,2.8
50,0,2.4,0,3.8
50,1,2.7,0,3.8
50,2,2.4,0,3.8
50,3,3.2,0,3.8
50,4,3,0,3.8
50,5,3,0,3.8
51,0,1.7,0,2.1
51,1,2.5,0,2.1
51,2,3.3,0,2.1
51,3,3.2,0,2.1
51,4,3,0,2.1
51,5,3.3,0,2.1
52,0,2.5,1,3.5
52,1,2.9,1,3.5
52,2,3,1,3.5
52,3,3.3,1,3.5
52,4,3.3,1,3.5
52,5,3.3,1,3.5
53,0,2.8,0,2.3
53,1,3.4,0,2.3
53,2,2.7,0,2.3
53,3,3,0,2.3
53,4,2.8,0,2.3
53,5,3,0,2.3
54,0,2.8,1,2.2
54,1,2.5,1,2.2
54,2,3.3,1,2.2
54,3,3.3,1,2.2
54,4,3.2,1,2.2
54,5,3.4,1,2.2
55,0,2.4,0,3.3
55,1,2.8,0,3.3
55,2,3.2,0,3.3
55,3,3.2,0,3.3
55,4,3.1,0,3.3
55,5,3.5,0,3.3
56,0,2.2,0,2.1
56,1,2,0,2.1
56,2,2.6,0,2.1
56,3,2.6,0,2.1
56,4,2.9,0,2.1
56,5,3.1,0,2.1
57,0,2.5,0,3.5
57,1,2.9,0,3.5
57,2,2.8,0,3.5
57,3,2.8,0,3.5
57,4,3.4,0,3.5
57,5,3.3,0,3.5
58,0,2.5,1,2.5
58,1,2.2,1,2.5
58,2,2.4,1,2.5
58,3,2.8,1,2.5
58,4,2.9,1,2.5
58,5,3.1,1,2.5
59,0,2.8,0,2.5
59,1,2.8,0,2.5
59,2,2.6,0,2.5
59,3,3.1,0,2.5
59,4,3,0,2.5
59,5,3.3,0,2.5
60,0,2,0,2.3
60,1,2.7,0,2.3
60,2,2.6,0,2.3
60,3,2.8,0,2.3
60,4,3.1,0,2.3
60,5,2.9,0,2.3
61,0,2.4,0,2.5
61,1,3.1,0,2.5
61,2,3.2,0,2.5
61,3,3.3,0,2.5
61,4,3.5,0,2.5
61,5,3.5,0,2.5
62,0,2.4,0,3
62,1,2.2,0,3
62,2,2.5,0,3
62,3,3,0,3
62,4,2.9,0,3
62,5,3.4,0,3
63,0,2.6,1,3.8
63,1,3.1,1,3.8
63,2,3.1,1,3.8
63,3,3.5,1,3.8
63,4,3.4,1,3.8
63,5,3.4,1,3.8
64,0,2.4,1,2.2
64,1,2.9,1,2.2
64,2,2.7,1,2.2
64,3,3.3,1,2.2
64,4,3.2,1,2.2
64,5,3.4,1,2.2
65,0,1.9,0,3.6
65,1,2.9,0,3.6
65,2,2.4,0,3.6
65,3,2.8,0,3.6
65,4,2.8,0,3.6
65,5,2.7,0,3.6
66,0,2.3,1,3.8
66,1,2.7,1,3.8
66,2,3.2,1,3.8
66,3,3.3,1,3.8
66,4,3.4,1,3.8
66,5,3.7,1,3.8
67,0,2.6,1,3.3
67,1,3,1,3.3
67,2,2.5,1,3.3
67,3,2.4,1,3.3
67,4,2.6,1,3.3
67,5,2.6,1,3.3
68,0,2.3,0,2.9
68,1,2.1,0,2.9
68,2,2.3,0,2.9
68,3,2.8,0,2.9
68,4,2.7,0,2.9
68,5,3.1,0,2.9
69,0,2.3,0,2.5
69,1,2.3,0,2.5
69,2,2.5,0,2.5
69,3,2.7,0,2.5
69,4,2.7,0,2.5
69,5,2.8,0,2.5
70,0,2.7,0,3.7
70,1,2.4,0,3.7
70,2,3,0,3.7
70,3,3.2,0,3.7
70,4,2.9,0,3.7
70,5,3.1,0,3.7
71,0,2.9,1,3.4
71,1,2.8,1,3.4
71,2,3,1,3.4
71,3,2.8,1,3.4
71,4,2.9,1,3.4
71,5,2.8,1,3.4
72,0,3,1,2.9
72,1,3.1,1,2.9
72,2,3.5,1,2.9
72,3,3.2,1,2.9
72,4,3.7,1,2.9
72,5,3.7,1,2.9
73,0,2.6,0,4
73,1,2.5,0,4
73,2,2.6,0,4
73,3,2.8,0,4
73,4,2.6,0,4
73,5,2.6,0,4
74,0,3.5,0,3.4
74,1,2.9,0,3.4
74,2,2.8,0,3.4
74,3,3.1,0,3.4
74,4,3.1,0,3.4
74,5,3.3,0,3.4
75,0,2.5,1,2
75,1,2.5,1,2
75,2,3.2,1,2
75,3,3,1,2
75,4,3.2,1,2
75,5,3,1,2
76,0,2.4,0,2.9
76,1,2.9,0,2.9
76,2,2.8,0,2.9
76,3,3.4,0,2.9
76,4,3.3,0,2.9
76,5,3.5,0,2.9
77,0,2.4,1,2.8
77,1,3.1,1,2.8
77,2,3.2,1,2.8
77,3,3.8,1,2.8
77,4,4,1,2.8
77,5,4,1,2.8
78,0,2.4,0,2.9
78,1,2.5,0,2.9
78,2,2.1,0,2.9
78,3,2.5,0,2.9
78,4,2.3,0,2.9
78,5,2.8,0,2.9
79,0,2.3,1,2.6
79,1,1.8,1,2.6
79,2,2.2,1,2.6
79,3,2.3,1,2.6
79,4,2.5,1,2.6
79,5,2.8,1,2.6
80,0,3.1,1,3.7
80,1,2.8,1,3.7
80,2,3,1,3.7
80,3,3.1,1,3.7
80,4,3.4,1,3.7
80,5,3.2,1,3.7
81,0,2.3,1,2.2
81,1,2.4,1,2.2
81,2,2.8,1,2.2
81,3,3.1,1,2.2
81,4,3.3,1,2.2
81,5,3.6,1,2.2
82,0,3.3,1,3.6
82,1,3.2,1,3.6
82,2,2.7,1,3.6
82,3,3.2,1,3.6
82,4,3.3,1,3.6
82,5,3.6,1,3.6
83,0,2.5,1,2.3
83,1,3.1,1,2.3
83,2,3.2,1,2.3
83,3,3.3,1,2.3
83,4,3.4,1,2.3
83,5,3.4,1,2.3
84,0,2.3,0,3.7
84,1,2.1,0,3.7
84,2,2.4,0,3.7
84,3,2.1,0,3.7
84,4,2.2,0,3.7
84,5,2.4,0,3.7
85,0,2.4,1,2.8
85,1,2.8,1,2.8
85,2,3.1,1,2.8
85,3,3.3,1,2.8
85,4,3.1,1,2.8
85,5,3.3,1,2.8
86,0,2.7,0,2.5
86,1,2.5,0,2.5
86,2,3,0,2.5
86,3,2.5,0,2.5
86,4,2.6,0,2.5
86,5,2.6,0,2.5
87,0,2.3,1,2.1
87,1,2.7,1,2.1
87,2,2.7,1,2.1
87,3,3.2,1,2.1
87,4,3.1,1,2.1
87,5,3.2,1,2.1
88,0,2.7,0,2.2
88,1,2.8,0,2.2
88,2,2.5,0,2.2
88,3,2.7,0,2.2
88,4,3.1,0,2.2
88,5,3,0,2.2
89,0,2.6,0,3.7
89,1,2.8,0,3.7
89,2,3.2,0,3.7
89,3,3,0,3.7
89,4,3.1,0,3.7
89,5,3.5,0,3.7
90,0,2.4,1,2.6
90,1,2.5,1,2.6
90,2,2.7,1,2.6
90,3,3,1,2.6
90,4,3,1,2.6
90,5,3.2,1,2.6
91,0,2,0,3.6
91,1,2.5,0,3.6
91,2,2.3,0,3.6
91,3,2.5,0,3.6
91,4,2.8,0,3.6
91,5,2.9,0,3.6
92,0,2.7,1,2.7
92,1,3.2,1,2.7
92,2,3.8,1,2.7
92,3,4,1,2.7
92,4,4,1,2.7
92,5,4,1,2.7
93,0,2.9,0,3.5
93,1,3.5,0,3.5
93,2,3.2,0,3.5
93,3,3.3,0,3.5
93,4,3.4,0,3.5
93,5,3.4,0,3.5
94,0,2.7,1,3.7
94,1,2.9,1,3.7
94,2,3,1,3.7
94,3,2.7,1,3.7
94,4,2.7,1,3.7
94,5,2.8,1,3.7
95,0,2.5,1,3.4
95,1,2.5,1,3.4
95,2,2.9,1,3.4
95,3,2.8,1,3.4
95,4,2.7,1,3.4
95,5,2.9,1,3.4
96,0,2.4,1,2.3
96,1,2.5,1,2.3
96,2,2.8,1,2.3
96,3,3.3,1,2.3
96,4,3.4,1,2.3
96,5,3.8,1,2.3
97,0,2.3,0,2.6
97,1,2.5,0,2.6
97,2,3,0,2.6
97,3,3.2,0,2.6
97,4,2.9,0,2.6
97,5,2.9,0,2.6
98,0,3.3,1,3.4
98,1,2.4,1,3.4
98,2,3.2,1,3.4
98,3,3.2,1,3.4
98,4,3.1,1,3.4
98,5,3.3,1,3.4
99,0,2.2,1,2.9
99,1,2.7,1,2.9
99,2,2.7,1,2.9
99,3,2.8,1,2.9
99,4,2.8,1,2.9
99,5,2.8,1,2.9
100,0,2.7,0,2.8
100,1,2,0,2.8
100,2,2,0,2.8
100,3,2.3,0,2.8
100,4,2.4,0,2.8
100,5,2.7,0,2.8
101,0,2.8,1,3.4
101,1,2.7,1,3.4
101,2,3.1,1,3.4
101,3,3.6,1,3.4
101,4,3.6,1,3.4
101,5,3.7,1,3.4
102,0,3.1,0,3.5
102,1,2.9,0,3.5
102,2,2.7,0,3.5
102,3,2.6,0,3.5
102,4,2.9,0,3.5
102,5,2.7,0,3.5
103,0,2.2,1,2.3
103,1,2.4,1,2.3
103,2,2.8,1,2.3
103,3,2.8,1,2.3
103,4,3.1,1,2.3
103,5,2.9,1,2.3
104,0,2.3,1,3.5
104,1,2.8,1,3.5
104,2,2.9,1,3.5
104,3,3,1,3.5
104,4,3.4,1,3.5
104,5,3.4,1,3.5
105,0,3.4,1,3.6
105,1,3.9,1,3.6
105,2,3.9,1,3.6
105,3,3.5,1,3.6
105,4,3.9,1,3.6
105,5,3.9,1,3.6
106,0,1.8,0,2.6
106,1,2.8,0,2.6
106,2,2.6,0,2.6
106,3,2.3,0,2.6
106,4,2.5,0,2.6
106,5,2.7,0,2.6
107,0,2.4,0,3.2
107,1,2.5,0,3.2
107,2,2.3,0,3.2
107,3,2.3,0,3.2
107,4,2.6,0,3.2
107,5,2.7,0,3.2
108,0,2.7,0,2.3
108,1,2,0,2.3
108,2,2,0,2.3
108,3,2.6,0,2.3
108,4,2.5,0,2.3
108,5,2.7,0,2.3
109,0,2.7,0,3.2
109,1,2.7,0,3.2
109,2,2.7,0,3.2
109,3,3.1,0,3.2
109,4,2.8,0,3.2
109,5,2.7,0,3.2
110,0,2.5,0,2.4
110,1,2.3,0,2.4
110,2,2.2,0,2.4
110,3,2.2,0,2.4
110,4,2.2,0,2.4
110,5,2.3,0,2.4
111,0,2.4,1,2.2
111,1,2.5,1,2.2
111,2,2.2,1,2.2
111,3,2.4,1,2.2
111,4,2.2,1,2.2
111,5,2.5,1,2.2
112,0,3,1,2.5
112,1,3.5,1,2.5
112,2,3.2,1,2.5
112,3,2.9,1,2.5
112,4,3,1,2.5
112,5,3.1,1,2.5
113,0,2.7,0,3.7
113,1,2.4,0,3.7
113,2,3,0,3.7
113,3,2.5,0,3.7
113,4,2.6,0,3.7
113,5,2.8,0,3.7
114,0,2.8,1,4
114,1,2.3,1,4
114,2,2.8,1,4
114,3,2.9,1,4
114,4,3,1,4
114,5,3.1,1,4
115,0,2.2,1,3.6
115,1,2.1,1,3.6
115,2,3.1,1,3.6
115,3,3,1,3.6
115,4,3,1,3.6
115,5,3.2,1,3.6
116,0,2.5,1,2.2
116,1,2.3,1,2.2
116,2,2.8,1,2.2
116,3,2.7,1,2.2
116,4,2.9,1,2.2
116,5,3.1,1,2.2
117,0,2.8,1,2.3
117,1,2.1,1,2.3
117,2,3,1,2.3
117,3,3.1,1,2.3
117,4,3,1,2.3
117,5,3.1,1,2.3
118,0,2.5,1,2.2
118,1,2.4,1,2.2
118,2,3,1,2.2
118,3,3.3,1,2.2
118,4,3.3,1,2.2
118,5,3.6,1,2.2
119,0,2.4,0,2.4
119,1,2.5,0,2.4
119,2,2.6,0,2.4
119,3,2.5,0,2.4
119,4,2.8,0,2.4
119,5,2.9,0,2.4
120,0,2.5,0,3.9
120,1,3.2,0,3.9
120,2,3.2,0,3.9
120,3,2.8,0,3.9
120,4,3,0,3.9
120,5,3.3,0,3.9
121,0,2.9,0,3.7
121,1,2.7,0,3.7
121,2,2.6,0,3.7
121,3,3,0,3.7
121,4,3.3,0,3.7
121,5,3.3,0,3.7
122,0,3,1,2.5
122,1,3.3,1,2.5
122,2,2.9,1,2.5
122,3,3,1,2.5
122,4,3.1,1,2.5
122,5,3.6,1,2.5
123,0,2.9,0,2.8
123,1,2.3,0,2.8
123,2,2.3,0,2.8
123,3,2.4,0,2.8
123,4,2.2,0,2.8
123,5,2.5,0,2.8
124,0,2.5,1,3.6
124,1,3.1,1,3.6
124,2,2.5,1,3.6
124,3,3.3,1,3.6
124,4,3,1,3.6
124,5,3.4,1,3.6
125,0,2.8,0,3.8
125,1,2.3,0,3.8
125,2,2.7,0,3.8
125,3,2.4,0,3.8
125,4,2.6,0,3.8
125,5,3,0,3.8
126,0,2.5,1,3.1
126,1,2.7,1,3.1
126,2,2.1,1,3.1
126,3,3.1,1,3.1
126,4,3,1,3.1
126,5,3,1,3.1
127,0,2.7,0,2.5
127,1,2.3,0,2.5
127,2,2.4,0,2.5
127,3,2.6,0,2.5
127,4,2.3,0,2.5
127,5,2.5,0,2.5
128,0,3,1,3.8
128,1,2.7,1,3.8
128,2,2.3,1,3.8
128,3,2.7,1,3.8
128,4,2.9,1,3.8
128,5,3.1,1,3.8
129,0,2.7,1,3.4
129,1,2.8,1,3.4
129,2,2.7,1,3.4
129,3,2.7,1,3.4
129,4,2.9,1,3.4
129,5,2.9,1,3.4
130,0,2.4,0,2.9
130,1,2.9,0,2.9
130,2,3.6,0,2.9
130,3,3.1,0,2.9
130,4,3,0,2.9
130,5,3.1,0,2.9
131,0,2.8,1,2.2
131,1,3.1,1,2.2
131,2,3.2,1,2.2
131,3,3.1,1,2.2
131,4,3.4,1,2.2
131,5,3.7,1,2.2
132,0,2.2,0,2.7
132,1,2.7,0,2.7
132,2,3.4,0,2.7
132,3,3,0,2.7
132,4,3.3,0,2.7
132,5,3.7,0,2.7
133,0,2.5,0,2
133,1,2.8,0,2
133,2,2.3,0,2
133,3,2.1,0,2
133,4,2.3,0,2
133,5,2.5,0,2
134,0,2.5,1,2.8
134,1,3.1,1,2.8
134,2,2.8,1,2.8
134,3,2.8,1,2.8
134,4,2.9,1,2.8
134,5,3.2,1,2.8
135,0,3,1,2.3
135,1,2.7,1,2.3
135,2,3,1,2.3
135,3,3.1,1,2.3
135,4,3,1,2.3
135,5,3,1,2.3
136,0,2.8,1,2
136,1,2.5,1,2
136,2,2.8,1,2
136,3,2.4,1,2
136,4,2.8,1,2
136,5,2.7,1,2
137,0,2.8,0,2
137,1,2.1,0,2
137,2,2.7,0,2
137,3,2.8,0,2
137,4,3.1,0,2
137,5,3,0,2
138,0,2.5,1,3.3
138,1,2.8,1,3.3
138,2,2.7,1,3.3
138,3,2.7,1,3.3
138,4,2.9,1,3.3
138,5,3.1,1,3.3
139,0,2.5,1,3.9
139,1,3.1,1,3.9
139,2,3,1,3.9
139,3,3.3,1,3.9
139,4,3.3,1,3.9
139,5,3.4,1,3.9
140,0,2.5,0,2.8
140,1,2.9,0,2.8
140,2,2.6,0,2.8
140,3,2.6,0,2.8
140,4,2.9,0,2.8
140,5,2.8,0,2.8
141,0,2.7,1,2.1
141,1,3.1,1,2.1
141,2,3.1,1,2.1
141,3,3.1,1,2.1
141,4,3.4,1,2.1
141,5,3.1,1,2.1
142,0,2.8,1,2.9
142,1,2.9,1,2.9
142,2,3.1,1,2.9
142,3,3,1,2.9
142,4,3.1,1,2.9
142,5,2.9,1,2.9
143,0,2.9,1,3.1
143,1,2.7,1,3.1
143,2,2.4,1,3.1
143,3,2.9,1,3.1
143,4,3,1,3.1
143,5,3,1,3.1
144,0,2.5,1,3.6
144,1,3,1,3.6
144,2,2.9,1,3.6
144,3,3,1,3.6
144,4,3,1,3.6
144,5,3.4,1,3.6
145,0,2.4,1,2.8
145,1,2.5,1,2.8
145,2,2.8,1,2.8
145,3,2.9,1,2.8
145,4,2.9,1,2.8
145,5,3.2,1,2.8
146,0,2.6,1,3.4
146,1,2.4,1,3.4
146,2,2.3,1,3.4
146,3,2.5,1,3.4
146,4,2.5,1,3.4
146,5,2.9,1,3.4
147,0,2.6,0,3.4
147,1,2.9,0,3.4
147,2,3.4,0,3.4
147,3,3.5,0,3.4
147,4,3.6,0,3.4
147,5,3.9,0,3.4
148,0,2.5,0,3.1
148,1,3,0,3.1
148,2,2.5,0,3.1
148,3,2.6,0,3.1
148,4,2.8,0,3.1
148,5,2.8,0,3.1
149,0,2.7,1,2.4
149,1,2.7,1,2.4
149,2,2.4,1,2.4
149,3,2.9,1,2.4
149,4,3,1,2.4
149,5,3.1,1,2.4
150,0,2.7,0,2.7
150,1,2.8,0,2.7
150,2,2.4,0,2.7
150,3,2.4,0,2.7
150,4,2.6,0,2.7
150,5,2.7,0,2.7
151,0,2.4,1,2.2
151,1,2.5,1,2.2
151,2,2.5,1,2.2
151,3,2.9,1,2.2
151,4,2.7,1,2.2
151,5,2.9,1,2.2
152,0,2.4,0,3.8
152,1,2.9,0,3.8
152,2,2.7,0,3.8
152,3,2.7,0,3.8
152,4,2.8,0,3.8
152,5,2.9,0,3.8
153,0,2.5,1,2.5
153,1,3,1,2.5
153,2,2.7,1,2.5
153,3,2.8,1,2.5
153,4,3,1,2.5
153,5,3,1,2.5
154,0,2.6,0,2.9
154,1,2.7,0,2.9
154,2,3.2,0,2.9
154,3,3.3,0,2.9
154,4,3.4,0,2.9
154,5,3.5,0,2.9
155,0,2.7,0,2.9
155,1,3.1,0,2.9
155,2,2.5,0,2.9
155,3,2.7,0,2.9
155,4,2.7,0,2.9
155,5,2.9,0,2.9
156,0,2.6,0,3.9
156,1,2.7,0,3.9
156,2,2.7,0,3.9
156,3,3,0,3.9
156,4,2.8,0,3.9
156,5,2.8,0,3.9
157,0,3.3,1,2.1
157,1,3,1,2.1
157,2,3.1,1,2.1
157,3,3.3,1,2.1
157,4,3.4,1,2.1
157,5,3.4,1,2.1
158,0,3,1,2.6
158,1,2.8,1,2.6
158,2,2.9,1,2.6
158,3,2.7,1,2.6
158,4,2.8,1,2.6
158,5,2.8,1,2.6
159,0,3,1,3.1
159,1,3,1,3.1
159,2,3.1,1,3.1
159,3,3.4,1,3.1
159,4,3.8,1,3.1
159,5,4,1,3.1
160,0,2.9,1,3.4
160,1,2.7,1,3.4
160,2,3.2,1,3.4
160,3,3.4,1,3.4
160,4,3.7,1,3.4
160,5,3.8,1,3.4
161,0,2.6,0,3.1
161,1,2.5,0,3.1
161,2,2.7,0,3.1
161,3,2.8,0,3.1
161,4,2.8,0,3.1
161,5,3.1,0,3.1
162,0,1.7,1,2.7
162,1,2.5,1,2.7
162,2,2.2,1,2.7
162,3,2.7,1,2.7
162,4,2.6,1,2.7
162,5,2.5,1,2.7
163,0,2.2,1,3
163,1,2.5,1,3
163,2,2.9,1,3
163,3,2.9,1,3
163,4,3.2,1,3
163,5,3.2,1,3
164,0,2.5,0,2.5
164,1,2.4,0,2.5
164,2,2.6,0,2.5
164,3,2.8,0,2.5
164,4,2.8,0,2.5
164,5,3.3,0,2.5
165,0,2.8,1,3.8
165,1,2.7,1,3.8
165,2,2.9,1,3.8
165,3,2.9,1,3.8
165,4,2.9,1,3.8
165,5,2.9,1,3.8
166,0,3,1,2.5
166,1,2.5,1,2.5
166,2,3.2,1,2.5
166,3,3.2,1,2.5
166,4,3.2,1,2.5
166,5,3.4,1,2.5
167,0,2.7,0,2.8
167,1,2.9,0,2.8
167,2,3.1,0,2.8
167,3,2.8,0,2.8
167,4,3.6,0,2.8
167,5,3.5,0,2.8
168,0,2.9,0,3.2
168,1,2.9,0,3.2
168,2,3,0,3.2
168,3,3.3,0,3.2
168,4,3.4,0,3.2
168,5,3.5,0,3.2
169,0,2.9,0,3.9
169,1,2.7,0,3.9
169,2,3,0,3.9
169,3,3.2,0,3.9
169,4,3.6,0,3.9
169,5,3.6,0,3.9
170,0,2.4,0,2
170,1,3.1,0,2
170,2,3.2,0,2
170,3,3.7,0,2
170,4,3.6,0,2
170,5,3.9,0,2
171,0,2.3,0,2.7
171,1,2.4,0,2.7
171,2,2.7,0,2.7
171,3,2.7,0,2.7
171,4,2.5,0,2.7
171,5,2.6,0,2.7
172,0,2.7,1,3.4
172,1,2.8,1,3.4
172,2,3,1,3.4
172,3,2.4,1,3.4
172,4,2.8,1,3.4
172,5,3.2,1,3.4
173,0,2.2,1,3.7
173,1,3.1,1,3.7
173,2,3,1,3.7
173,3,3.4,1,3.7
173,4,3.7,1,3.7
173,5,3.6,1,3.7
174,0,2.8,1,3.2
174,1,2.7,1,3.2
174,2,2.9,1,3.2
174,3,3.2,1,3.2
174,4,3,1,3.2
174,5,3.4,1,3.2
175,0,2.3,0,3.7
175,1,2.9,0,3.7
175,2,3.1,0,3.7
175,3,2.8,0,3.7
175,4,3.4,0,3.7
175,5,3.3,0,3.7
176,0,2.9,0,3.7
176,1,2.7,0,3.7
176,2,2.8,0,3.7
176,3,2.7,0,3.7
176,4,2.6,0,3.7
176,5,2.9,0,3.7
177,0,2.9,0,3.9
177,1,3,0,3.9
177,2,3.1,0,3.9
177,3,2.8,0,3.9
177,4,3.3,0,3.9
177,5,3.4,0,3.9
178,0,2.8,0,3.5
178,1,2.9,0,3.5
178,2,2.8,0,3.5
178,3,3,0,3.5
178,4,2.9,0,3.5
178,5,2.9,0,3.5
179,0,2.7,1,2.8
179,1,3.4,1,2.8
179,2,2.5,1,2.8
179,3,2.8,1,2.8
179,4,2.9,1,2.8
179,5,3.2,1,2.8
180,0,2.9,0,2.3
180,1,2.5,0,2.3
180,2,2.5,0,2.3
180,3,2.5,0,2.3
180,4,2.6,0,2.3
180,5,2.6,0,2.3
181,0,2.3,0,3.2
181,1,2.4,0,3.2
181,2,2.2,0,3.2
181,3,2.6,0,3.2
181,4,2.6,0,3.2
181,5,2.7,0,3.2
182,0,2.7,1,3.7
182,1,3.2,1,3.7
182,2,3.1,1,3.7
182,3,3.1,1,3.7
182,4,3.3,1,3.7
182,5,3.3,1,3.7
183,0,2.7,0,3
183,1,2.5,0,3
183,2,2.7,0,3
183,3,2.3,0,3
183,4,2.6,0,3
183,5,2.6,0,3
184,0,2.3,1,4
184,1,2.8,1,4
184,2,2.8,1,4
184,3,3,1,4
184,4,3.1,1,4
184,5,3.3,1,4
185,0,2.6,1,3.7
185,1,3.1,1,3.7
185,2,3,1,3.7
185,3,3,1,3.7
185,4,3.2,1,3.7
185,5,2.9,1,3.7
186,0,2.2,1,3.4
186,1,2.4,1,3.4
186,2,3,1,3.4
186,3,2.9,1,3.4
186,4,3.2,1,3.4
186,5,3.1,1,3.4
187,0,2.4,1,2.2
187,1,2.2,1,2.2
187,2,2.1,1,2.2
187,3,2.4,1,2.2
187,4,2.8,1,2.2
187,5,2.8,1,2.2
188,0,2.3,1,2.1
188,1,2.7,1,2.1
188,2,3.3,1,2.1
188,3,3.2,1,2.1
188,4,3.1,1,2.1
188,5,3.6,1,2.1
189,0,3.3,0,2.6
189,1,3.3,0,2.6
189,2,2.8,0,2.6
189,3,3,0,2.6
189,4,3.1,0,2.6
189,5,3.1,0,2.6
190,0,1.7,0,3.9
190,1,2.3,0,3.9
190,2,2.7,0,3.9
190,3,2.5,0,3.9
190,4,2.6,0,3.9
190,5,2.8,0,3.9
191,0,2.4,1,2
191,1,2.8,1,2
191,2,2.8,1,2
191,3,3,1,2
191,4,3.1,1,2
191,5,2.9,1,2
192,0,2.9,1,2.9
192,1,3,1,2.9
192,2,2.4,1,2.9
192,3,2.9,1,2.9
192,4,2.8,1,2.9
192,5,2.9,1,2.9
193,0,3.1,0,3
193,1,2.8,0,3
193,2,2.7,0,3
193,3,2.7,0,3
193,4,2.9,0,3
193,5,3.3,0,3
194,0,2.4,0,2.2
194,1,2.4,0,2.2
194,2,2.6,0,2.2
194,3,3.1,0,2.2
194,4,3.4,0,2.2
194,5,3.3,0,2.2
195,0,2.4,0,2.5
195,1,2.7,0,2.5
195,2,2.2,0,2.5
195,3,2.2,0,2.5
195,4,2.4,0,2.5
195,5,2.5,0,2.5
196,0,2.2,1,3.5
196,1,2.5,1,3.5
196,2,2.7,1,3.5
196,3,3.1,1,3.5
196,4,3.3,1,3.5
196,5,3.2,1,3.5
197,0,2.9,1,2.1
197,1,2.5,1,2.1
197,2,2.8,1,2.1
197,3,3.2,1,2.1
197,4,3.3,1,2.1
197,5,3.8,1,2.1
198,0,2.5,0,4
198,1,2.9,0,4
198,2,3,0,4
198,3,3.2,0,4
198,4,3.3,0,4
198,5,3.4,0,4
199,0,2.6,1,2.3
199,1,2.3,1,2.3
199,2,2.7,1,2.3
199,3,2.7,1,2.3
199,4,2.8,1,2.3
199,5,2.8,1,2.3
200,0,2.8,0,3.4
200,1,3.2,0,3.4
200,2,3.4,0,3.4
200,3,3.5,0,3.4
200,4,3.3,0,3.4
200,5,3.4,0,3.4
