district,subject,grade,achievement,gap_gender,percent_ell,percent_sped,percent_frl
VALE SD 84,mth,3,2.53907216097918,0.973656634440184,0.049234137,0.12800875,0.62161022
VALE SD 84,rla,3,3.22984432897145,0.376142373098226,0.049234137,0.12800875,0.62161022
VALE SD 84,mth,4,3.08954187024392,-0.788240382202992,0.049234137,0.12800875,0.62161022
VALE SD 84,rla,4,4.36278620429887,-1.83025757641113,0.049234137,0.12800875,0.62161022
VALE SD 84,mth,5,4.57446236425607,0.835615948088582,0.049234137,0.12800875,0.62161022
VALE SD 84,rla,5,4.77801976304975,0.357031056334803,0.049234137,0.12800875,0.62161022
VALE SD 84,mth,6,6.0302452760982,0.86314316952479,0.049234137,0.12800875,0.62161022
VALE SD 84,rla,6,6.11476096721569,0.690999539266815,0.049234137,0.12800875,0.62161022
YAMHILL CARLTON SD 1,mth,3,3.1496945489932,-1.08708988216264,0.014354067,0.14066985,0.43351972
YAMHILL CARLTON SD 1,rla,3,3.32036622012997,-1.70379639415529,0.014354067,0.14066985,0.43351972
YAMHILL CARLTON SD 1,mth,4,2.78196956888339,-0.582765343186986,0.014354067,0.14066985,0.43351972
YAMHILL CARLTON SD 1,rla,4,3.16821012866023,-2.69530164990155,0.014354067,0.14066985,0.43351972
YAMHILL CARLTON SD 1,mth,5,6.48364524922916,-0.526000436230935,0.014354067,0.14066985,0.43351972
YAMHILL CARLTON SD 1,rla,5,6.48511372414373,-1.730903257635,0.014354067,0.14066985,0.43351972
YAMHILL CARLTON SD 1,mth,6,6.21499965818998,-0.174833078780312,0.014354067,0.14066985,0.43351972
YAMHILL CARLTON SD 1,rla,6,7.1043590573265,-1.06653389556968,0.014354067,0.14066985,0.43351972
NORTH SANTIAM SD 29J,mth,3,2.69553113315616,1.11628314196075,0.04557522,0.16637169,0.50749362
NORTH SANTIAM SD 29J,rla,3,2.8029513667215,0.103277972453332,0.04557522,0.16637169,0.50749362
NORTH SANTIAM SD 29J,mth,4,3.05926829680334,0.0292890863071347,0.04557522,0.16637169,0.50749362
NORTH SANTIAM SD 29J,rla,4,3.80586026865064,-0.494805502302535,0.04557522,0.16637169,0.50749362
NORTH SANTIAM SD 29J,mth,5,5.27406754076556,-0.166473989191044,0.04557522,0.16637169,0.50749362
NORTH SANTIAM SD 29J,rla,5,5.40527155551618,-1.16795739906408,0.04557522,0.16637169,0.50749362
NORTH SANTIAM SD 29J,mth,6,4.85867088656307,-0.360561734516627,0.04557522,0.16637169,0.50749362
NORTH SANTIAM SD 29J,rla,6,5.73565654187631,-1.03764906344315,0.04557522,0.16637169,0.50749362
HILLSBORO SD 1J,mth,3,2.08968819508832,0.467919208300905,0.15388347,0.16280988,0.46283218
HILLSBORO SD 1J,rla,3,2.49013970850575,-0.657295606274183,0.15388347,0.16280988,0.46283218
HILLSBORO SD 1J,mth,4,3.27421014120724,0.469682075368113,0.15388347,0.16280988,0.46283218
HILLSBORO SD 1J,rla,4,3.71236610252476,-0.0875078513643145,0.15388347,0.16280988,0.46283218
HILLSBORO SD 1J,mth,5,4.4441743633438,0.127292851929648,0.15388347,0.16280988,0.46283218
HILLSBORO SD 1J,rla,5,4.90795691392885,-0.799872320806803,0.15388347,0.16280988,0.46283218
HILLSBORO SD 1J,mth,6,5.90079657148085,0.308911553836501,0.15388347,0.16280988,0.46283218
HILLSBORO SD 1J,rla,6,6.32599942800671,-0.610098207900246,0.15388347,0.16280988,0.46283218
NORTH WASCO COUNTY SD 21,mth,3,1.21297230935362,-0.760491968341458,0.12595041,0.18115702,0.71156186
NORTH WASCO COUNTY SD 21,rla,3,1.72464073760309,-1.53291096037586,0.12595041,0.18115702,0.71156186
NORTH WASCO COUNTY SD 21,mth,4,2.57048311413529,0.587973469019602,0.12595041,0.18115702,0.71156186
NORTH WASCO COUNTY SD 21,rla,4,3.0342577196145,-0.81584227388121,0.12595041,0.18115702,0.71156186
NORTH WASCO COUNTY SD 21,mth,5,4.97940854889641,0.0236569509751046,0.12595041,0.18115702,0.71156186
NORTH WASCO COUNTY SD 21,rla,5,5.46605599150695,-1.64700625877986,0.12595041,0.18115702,0.71156186
NORTH WASCO COUNTY SD 21,mth,6,5.02043016092389,-0.666287418630555,0.12595041,0.18115702,0.71156186
NORTH WASCO COUNTY SD 21,rla,6,4.62313735865725,-0.89915887620941,0.12595041,0.18115702,0.71156186
GREATER ALBANY PUBLIC SD 8J,mth,3,2.15127924376285,0.220709150500291,0.063798532,0.14711438,0.46509394
GREATER ALBANY PUBLIC SD 8J,rla,3,2.5246679295191,-0.494516931530808,0.063798532,0.14711438,0.46509394
GREATER ALBANY PUBLIC SD 8J,mth,4,3.77419969664225,0.588462751959441,0.063798532,0.14711438,0.46509394
GREATER ALBANY PUBLIC SD 8J,rla,4,3.68565316351748,-0.378584487844475,0.063798532,0.14711438,0.46509394
GREATER ALBANY PUBLIC SD 8J,mth,5,4.99161034735582,-0.0612310129658928,0.063798532,0.14711438,0.46509394
GREATER ALBANY PUBLIC SD 8J,rla,5,4.98143338248931,-0.875127924421343,0.063798532,0.14711438,0.46509394
GREATER ALBANY PUBLIC SD 8J,mth,6,5.20218372173572,-0.20453033680811,0.063798532,0.14711438,0.46509394
GREATER ALBANY PUBLIC SD 8J,rla,6,5.57240386590097,-0.82347319358795,0.063798532,0.14711438,0.46509394
ASHLAND SD 5,mth,3,2.74100792084739,0.368147455222834,0.011235955,0.10963568,0.32375002
ASHLAND SD 5,rla,3,3.68810142065326,-1.04332559922371,0.011235955,0.10963568,0.32375002
ASHLAND SD 5,mth,4,4.95541731937188,-0.372730936752921,0.011235955,0.10963568,0.32375002
ASHLAND SD 5,rla,4,5.3520521367519,-1.27457009457449,0.011235955,0.10963568,0.32375002
ASHLAND SD 5,mth,5,5.66071115743697,0.536889270284924,0.011235955,0.10963568,0.32375002
ASHLAND SD 5,rla,5,6.39461964187568,-0.703673663979229,0.011235955,0.10963568,0.32375002
ASHLAND SD 5,mth,6,8.03433422949066,-1.39247835353691,0.011235955,0.10963568,0.32375002
ASHLAND SD 5,rla,6,7.22594839187643,-2.65494972738219,0.011235955,0.10963568,0.32375002
ATHENA-WESTON SD 29RJ,mth,3,2.18123912240482,-1.46087659314191,0,0.12173913,0.59429741
ATHENA-WESTON SD 29RJ,rla,3,2.57089176988695,-1.5180320180224,0,0.12173913,0.59429741
ATHENA-WESTON SD 29RJ,mth,4,2.33577212582749,-0.788353778488748,0,0.12173913,0.59429741
ATHENA-WESTON SD 29RJ,rla,4,2.41979059745351,-3.24208942815494,0,0.12173913,0.59429741
ATHENA-WESTON SD 29RJ,mth,5,3.43257388473102,0.025296626997149,0,0.12173913,0.59429741
ATHENA-WESTON SD 29RJ,rla,5,4.03728364983756,-0.485724265877752,0,0.12173913,0.59429741
ATHENA-WESTON SD 29RJ,mth,6,5.29536260334961,-3.93409682460909,0,0.12173913,0.59429741
ATHENA-WESTON SD 29RJ,rla,6,5.19128658955742,-3.02044999690329,0,0.12173913,0.59429741
BEAVERTON SD 48J,mth,3,3.96542815296296,0.555164147223854,0.12324786,0.13379732,0.36187303
BEAVERTON SD 48J,rla,3,4.37086869550183,-0.57173615914977,0.12324786,0.13379732,0.36187303
BEAVERTON SD 48J,mth,4,4.90354855738432,0.610744038688784,0.12324786,0.13379732,0.36187303
BEAVERTON SD 48J,rla,4,5.44635920064214,-0.472958326771499,0.12324786,0.13379732,0.36187303
BEAVERTON SD 48J,mth,5,5.89602441405089,0.109658247976667,0.12324786,0.13379732,0.36187303
BEAVERTON SD 48J,rla,5,6.27214465692271,-0.835319621734434,0.12324786,0.13379732,0.36187303
BEAVERTON SD 48J,mth,6,7.00730221042844,0.0031575920686325,0.12324786,0.13379732,0.36187303
BEAVERTON SD 48J,rla,6,7.11816981340411,-0.864252669618114,0.12324786,0.13379732,0.36187303
CENTENNIAL SD 28J,mth,3,1.33576712740018,0.446189212444197,0.1921777,0.16658619,0.71982235
CENTENNIAL SD 28J,rla,3,1.27135939436198,-0.225002765880236,0.1921777,0.16658619,0.71982235
CENTENNIAL SD 28J,mth,4,2.11448733439531,0.537186547455726,0.1921777,0.16658619,0.71982235
CENTENNIAL SD 28J,rla,4,2.33531805081419,-0.478537374126253,0.1921777,0.16658619,0.71982235
CENTENNIAL SD 28J,mth,5,2.83316910640676,-0.300063682516716,0.1921777,0.16658619,0.71982235
CENTENNIAL SD 28J,rla,5,3.21561615298107,-0.995248024836253,0.1921777,0.16658619,0.71982235
CENTENNIAL SD 28J,mth,6,5.1815038460965,-0.139053201983363,0.1921777,0.16658619,0.71982235
CENTENNIAL SD 28J,rla,6,5.10048640235407,-0.54914107763566,0.1921777,0.16658619,0.71982235
CENTRAL SD 13J,mth,3,1.38671860615447,-0.436647519171113,0.14198844,0.12769839,0.59257066
CENTRAL SD 13J,rla,3,1.18491548791141,-1.486011778024,0.14198844,0.12769839,0.59257066
CENTRAL SD 13J,mth,4,2.34536497057669,-0.160892328612937,0.14198844,0.12769839,0.59257066
CENTRAL SD 13J,rla,4,1.89794688311766,-0.415149218615253,0.14198844,0.12769839,0.59257066
CENTRAL SD 13J,mth,5,4.07294768293694,0.419834673530447,0.14198844,0.12769839,0.59257066
CENTRAL SD 13J,rla,5,3.9258975818885,0.181728959332078,0.14198844,0.12769839,0.59257066
CENTRAL SD 13J,mth,6,4.24708215831656,-0.0658083391361983,0.14198844,0.12769839,0.59257066
CENTRAL SD 13J,rla,6,4.88211326109058,-0.545057472472186,0.14198844,0.12769839,0.59257066
COQUILLE SD 8,mth,3,2.50251418940484,0.108099419345827,0.019248396,0.13565536,0.574889
COQUILLE SD 8,rla,3,2.47621912041408,-1.47947817319011,0.019248396,0.13565536,0.574889
COQUILLE SD 8,mth,4,3.98308948271179,0.144355071966894,0.019248396,0.13565536,0.574889
COQUILLE SD 8,rla,4,4.78044784961472,-0.439217220659605,0.019248396,0.13565536,0.574889
COQUILLE SD 8,mth,5,5.71751301503892,0.221755617492775,0.019248396,0.13565536,0.574889
COQUILLE SD 8,rla,5,5.74786927692322,-0.758485137331605,0.019248396,0.13565536,0.574889
COQUILLE SD 8,mth,6,6.2312829254916,-0.362311257306551,0.019248396,0.13565536,0.574889
COQUILLE SD 8,rla,6,6.64868000276616,-1.93673106693247,0.019248396,0.13565536,0.574889
DAVID DOUGLAS SD 40,mth,3,1.03668835696172,0.0923388793204237,0.2191311,0.12709604,0.76588869
DAVID DOUGLAS SD 40,rla,3,1.3757885956218,-0.95806859865616,0.2191311,0.12709604,0.76588869
DAVID DOUGLAS SD 40,mth,4,2.30249545834438,0.22865788370128,0.2191311,0.12709604,0.76588869
DAVID DOUGLAS SD 40,rla,4,3.08412785444745,-0.361284273185588,0.2191311,0.12709604,0.76588869
DAVID DOUGLAS SD 40,mth,5,3.22371671611714,-0.430177336053199,0.2191311,0.12709604,0.76588869
DAVID DOUGLAS SD 40,rla,5,4.02567927178939,-1.15097854662946,0.2191311,0.12709604,0.76588869
DAVID DOUGLAS SD 40,mth,6,4.78458829424594,-0.224160967208114,0.2191311,0.12709604,0.76588869
DAVID DOUGLAS SD 40,rla,6,5.35702304417339,-1.01047430848707,0.2191311,0.12709604,0.76588869
EAGLE POINT SD 9,mth,3,1.27952466769477,0.30963807886653,0.079128169,0.14380479,0.5859195
EAGLE POINT SD 9,rla,3,1.76329756020418,-0.763608538137815,0.079128169,0.14380479,0.5859195
EAGLE POINT SD 9,mth,4,2.15427262037883,0.470467470630371,0.079128169,0.14380479,0.5859195
EAGLE POINT SD 9,rla,4,2.49373360449543,-0.314747343297042,0.079128169,0.14380479,0.5859195
EAGLE POINT SD 9,mth,5,3.06349141855211,0.578519570301408,0.079128169,0.14380479,0.5859195
EAGLE POINT SD 9,rla,5,3.78287053861406,-0.696222529849344,0.079128169,0.14380479,0.5859195
EAGLE POINT SD 9,mth,6,4.94968981293806,0.515044297991514,0.079128169,0.14380479,0.5859195
EAGLE POINT SD 9,rla,6,5.1110086424182,-0.361934603835773,0.079128169,0.14380479,0.5859195
FOREST GROVE SD 15,mth,3,2.02584859393506,0.588158304177906,0.15999347,0.1717601,0.56197327
FOREST GROVE SD 15,rla,3,1.84948190249508,-0.462726933403511,0.15999347,0.1717601,0.56197327
FOREST GROVE SD 15,mth,4,3.20656814581927,0.0360076523820747,0.15999347,0.1717601,0.56197327
FOREST GROVE SD 15,rla,4,3.6150900347806,-0.480353772002535,0.15999347,0.1717601,0.56197327
FOREST GROVE SD 15,mth,5,4.33987575942721,0.176695348969501,0.15999347,0.1717601,0.56197327
FOREST GROVE SD 15,rla,5,4.23459195751525,-1.2613914548705,0.15999347,0.1717601,0.56197327
FOREST GROVE SD 15,mth,6,5.52425152424371,-0.776977351449931,0.15999347,0.1717601,0.56197327
FOREST GROVE SD 15,rla,6,5.54479915280186,-1.0533792775396,0.15999347,0.1717601,0.56197327
GLADSTONE SD 115,mth,3,3.29973588973576,-0.0073344570072043,0.030858245,0.12102218,0.44886565
GLADSTONE SD 115,rla,3,3.19653506765659,0.149120272035483,0.030858245,0.12102218,0.44886565
GLADSTONE SD 115,mth,4,4.05731968769347,0.0315210459492279,0.030858245,0.12102218,0.44886565
GLADSTONE SD 115,rla,4,4.51605575657409,-1.59839951714186,0.030858245,0.12102218,0.44886565
GLADSTONE SD 115,mth,5,4.31526707151919,0.6703779794062,0.030858245,0.12102218,0.44886565
GLADSTONE SD 115,rla,5,5.44806382074166,-0.19792531953488,0.030858245,0.12102218,0.44886565
GLADSTONE SD 115,mth,6,5.55158433800262,-0.38940928790638,0.030858245,0.12102218,0.44886565
GLADSTONE SD 115,rla,6,6.04627005340682,-1.40861960372965,0.030858245,0.12102218,0.44886565
GRESHAM-BARLOW SD 10J,mth,3,1.7396566022663,0.0694315409580647,0.10958676,0.14492393,0.59141898
GRESHAM-BARLOW SD 10J,rla,3,2.21260340411309,-1.0718063022048,0.10958676,0.14492393,0.59141898
GRESHAM-BARLOW SD 10J,mth,4,3.01300730385791,0.190513554690865,0.10958676,0.14492393,0.59141898
GRESHAM-BARLOW SD 10J,rla,4,3.31849704759832,-0.915889093276636,0.10958676,0.14492393,0.59141898
GRESHAM-BARLOW SD 10J,mth,5,3.96539476313199,0.297510196204873,0.10958676,0.14492393,0.59141898
GRESHAM-BARLOW SD 10J,rla,5,4.42620226402843,-0.4478912091075,0.10958676,0.14492393,0.59141898
GRESHAM-BARLOW SD 10J,mth,6,5.30360751656956,-0.422410093723519,0.10958676,0.14492393,0.59141898
GRESHAM-BARLOW SD 10J,rla,6,5.8926412091225,-0.90988704919238,0.10958676,0.14492393,0.59141898
JEFFERSON SD 14J,mth,3,1.30946542308749,0.452213422542193,0.10348837,0.16976744,0.60546255
JEFFERSON SD 14J,rla,3,1.59577142701664,-0.830422961719174,0.10348837,0.16976744,0.60546255
JEFFERSON SD 14J,mth,4,1.81101967146007,1.4246861381859,0.10348837,0.16976744,0.60546255
JEFFERSON SD 14J,rla,4,3.27571987382028,-0.292553353421879,0.10348837,0.16976744,0.60546255
JEFFERSON SD 14J,mth,5,3.86656158741972,0.446883909328149,0.10348837,0.16976744,0.60546255
JEFFERSON SD 14J,rla,5,4.05610290419632,-0.374404837224341,0.10348837,0.16976744,0.60546255
JEFFERSON SD 14J,mth,6,5.05362914817485,-0.555443208817387,0.10348837,0.16976744,0.60546255
JEFFERSON SD 14J,rla,6,5.24861694004155,0.0969160591515828,0.10348837,0.16976744,0.60546255
KLAMATH COUNTY SD,mth,3,2.32705382081963,0.392301559447432,0.042325653,0.13526134,0.69602174
KLAMATH COUNTY SD,rla,3,2.3348700207221,-0.658479765466318,0.042325653,0.13526134,0.69602174
KLAMATH COUNTY SD,mth,4,3.55071548074337,0.216520982829897,0.042325653,0.13526134,0.69602174
KLAMATH COUNTY SD,rla,4,3.56100849140197,-0.620924723020547,0.042325653,0.13526134,0.69602174
KLAMATH COUNTY SD,mth,5,4.33301480578576,0.34959666875245,0.042325653,0.13526134,0.69602174
KLAMATH COUNTY SD,rla,5,4.33490822154489,-0.646087972782271,0.042325653,0.13526134,0.69602174
KLAMATH COUNTY SD,mth,6,5.89879625272802,0.432158837606922,0.042325653,0.13526134,0.69602174
KLAMATH COUNTY SD,rla,6,5.91084597551823,-0.230646899223842,0.042325653,0.13526134,0.69602174
KLAMATH FALLS CITY SCHOOLS,mth,3,1.64519069931127,-0.161854109678127,0.037504148,0.16561566,0.70990908
KLAMATH FALLS CITY SCHOOLS,rla,3,1.56607597608645,-0.836324412340515,0.037504148,0.16561566,0.70990908
KLAMATH FALLS CITY SCHOOLS,mth,4,3.35280810585883,0.176494230075816,0.037504148,0.16561566,0.70990908
KLAMATH FALLS CITY SCHOOLS,rla,4,2.68155482433502,-0.239183690811371,0.037504148,0.16561566,0.70990908
KLAMATH FALLS CITY SCHOOLS,mth,5,4.04626705422006,0.428644350831394,0.037504148,0.16561566,0.70990908
KLAMATH FALLS CITY SCHOOLS,rla,5,3.45689247215621,-0.860247345988197,0.037504148,0.16561566,0.70990908
KLAMATH FALLS CITY SCHOOLS,mth,6,5.33800628799363,-0.681376760033694,0.037504148,0.16561566,0.70990908
KLAMATH FALLS CITY SCHOOLS,rla,6,5.16876731964042,-1.38925818379727,0.037504148,0.16561566,0.70990908
LAKE OSWEGO SD 7J,mth,3,5.33733105222922,0.579051427910645,0.019073185,0.10087595,0.081566475
LAKE OSWEGO SD 7J,rla,3,6.46461834513732,-0.376252825842727,0.019073185,0.10087595,0.081566475
LAKE OSWEGO SD 7J,mth,4,6.92487034579449,0.701748168886417,0.019073185,0.10087595,0.081566475
LAKE OSWEGO SD 7J,rla,4,7.337136616546,-0.682409154038466,0.019073185,0.10087595,0.081566475
LAKE OSWEGO SD 7J,mth,5,7.60803390699177,0.312846261599935,0.019073185,0.10087595,0.081566475
LAKE OSWEGO SD 7J,rla,5,7.67361700040545,-0.967451995697784,0.019073185,0.10087595,0.081566475
LAKE OSWEGO SD 7J,mth,6,8.23534678549561,-0.607549067705828,0.019073185,0.10087595,0.081566475
LAKE OSWEGO SD 7J,rla,6,8.65991745443314,-1.55569953045177,0.019073185,0.10087595,0.081566475
LAKE COUNTY SD 7,mth,3,3.0285339729975,0.548952090800013,0.038666666,0.15466666,0.51703113
LAKE COUNTY SD 7,rla,3,3.36166716473504,0.729624489198375,0.038666666,0.15466666,0.51703113
LAKE COUNTY SD 7,mth,4,3.96171357226349,0.809368194948934,0.038666666,0.15466666,0.51703113
LAKE COUNTY SD 7,rla,4,4.42477643784582,-0.158700678148745,0.038666666,0.15466666,0.51703113
LAKE COUNTY SD 7,mth,5,5.08570985696358,-0.0942082513494847,0.038666666,0.15466666,0.51703113
LAKE COUNTY SD 7,rla,5,4.88170479850854,-1.93394768449602,0.038666666,0.15466666,0.51703113
LAKE COUNTY SD 7,mth,6,6.77849152014584,0.645394412506478,0.038666666,0.15466666,0.51703113
LAKE COUNTY SD 7,rla,6,5.86147461237001,0.597554780100913,0.038666666,0.15466666,0.51703113
MCMINNVILLE SD 40,mth,3,3.73474462001059,0.288921262957089,0.12856509,0.14216049,0.60890543
MCMINNVILLE SD 40,rla,3,3.52380300283939,-0.461692389287861,0.12856509,0.14216049,0.60890543
MCMINNVILLE SD 40,mth,4,4.58081438370158,0.557863043483599,0.12856509,0.14216049,0.60890543
MCMINNVILLE SD 40,rla,4,4.23503088469422,-0.145530851019907,0.12856509,0.14216049,0.60890543
MCMINNVILLE SD 40,mth,5,5.57927009760351,0.0035348470384797,0.12856509,0.14216049,0.60890543
MCMINNVILLE SD 40,rla,5,5.40636873271701,-0.586381764945607,0.12856509,0.14216049,0.60890543
MCMINNVILLE SD 40,mth,6,6.1792693158963,-0.278283596692038,0.12856509,0.14216049,0.60890543
MCMINNVILLE SD 40,rla,6,5.84542489133664,-1.035468203835,0.12856509,0.14216049,0.60890543
MEDFORD SD 549C,mth,3,2.58514481407343,-0.0484398188108528,0.068536259,0.15036017,0.53313297
MEDFORD SD 549C,rla,3,2.96348779748043,-1.02460696589965,0.068536259,0.15036017,0.53313297
MEDFORD SD 549C,mth,4,3.70431683814483,0.216515905725379,0.068536259,0.15036017,0.53313297
MEDFORD SD 549C,rla,4,4.03822569637661,-0.534974389127962,0.068536259,0.15036017,0.53313297
MEDFORD SD 549C,mth,5,4.64219776319965,0.409137836519899,0.068536259,0.15036017,0.53313297
MEDFORD SD 549C,rla,5,4.95371622841435,-0.723735121914063,0.068536259,0.15036017,0.53313297
MEDFORD SD 549C,mth,6,5.82087843218523,0.337780569559641,0.068536259,0.15036017,0.53313297
MEDFORD SD 549C,rla,6,6.23284167537873,-0.518622795230283,0.068536259,0.15036017,0.53313297
MILTON-FREEWATER UNIFIED SD 7,mth,3,1.88293968300965,-0.0702131721145883,0.22087659,0.14129181,0.80212283
MILTON-FREEWATER UNIFIED SD 7,rla,3,2.21865303773677,-1.28294415979687,0.22087659,0.14129181,0.80212283
MILTON-FREEWATER UNIFIED SD 7,mth,4,2.27196917902578,0.295224287365822,0.22087659,0.14129181,0.80212283
MILTON-FREEWATER UNIFIED SD 7,rla,4,1.6890224396037,-1.34390597149832,0.22087659,0.14129181,0.80212283
MILTON-FREEWATER UNIFIED SD 7,mth,5,3.60742204070478,0.119392593568007,0.22087659,0.14129181,0.80212283
MILTON-FREEWATER UNIFIED SD 7,rla,5,3.52253474877789,-0.13401039266624,0.22087659,0.14129181,0.80212283
MILTON-FREEWATER UNIFIED SD 7,mth,6,5.50660529623869,-0.426972135022906,0.22087659,0.14129181,0.80212283
MILTON-FREEWATER UNIFIED SD 7,rla,6,5.13342379629157,-0.773375212485107,0.22087659,0.14129181,0.80212283
MT ANGEL SD 91,mth,3,2.30892334044822,1.7255023453322,0.14285715,0.12433863,0.56872028
MT ANGEL SD 91,rla,3,2.63743894051918,1.14591489072078,0.14285715,0.12433863,0.56872028
MT ANGEL SD 91,mth,4,3.85712144729362,-1.03599069786346,0.14285715,0.12433863,0.56872028
MT ANGEL SD 91,rla,4,3.62342601879636,-2.55550628548188,0.14285715,0.12433863,0.56872028
MT ANGEL SD 91,mth,5,4.59780215200172,1.46143653069094,0.14285715,0.12433863,0.56872028
MT ANGEL SD 91,rla,5,3.9258392209261,0.16441992092042,0.14285715,0.12433863,0.56872028
MT ANGEL SD 91,mth,6,6.11013796035108,0.912040419374084,0.14285715,0.12433863,0.56872028
MT ANGEL SD 91,rla,6,5.89035871642656,-0.0602398668286884,0.14285715,0.12433863,0.56872028
NEAH-KAH-NIE SD 56,mth,3,2.86021179740072,0.173251363632072,0.038560413,0.16452442,0.51424521
NEAH-KAH-NIE SD 56,rla,3,3.40009569803984,-0.911096293595871,0.038560413,0.16452442,0.51424521
NEAH-KAH-NIE SD 56,mth,4,3.14088798945828,-0.939143181020392,0.038560413,0.16452442,0.51424521
NEAH-KAH-NIE SD 56,rla,4,3.70199224151366,-1.05835568851946,0.038560413,0.16452442,0.51424521
NEAH-KAH-NIE SD 56,mth,5,3.4855914796147,-1.2871091329071,0.038560413,0.16452442,0.51424521
NEAH-KAH-NIE SD 56,rla,5,3.88419662371512,-1.75615761501372,0.038560413,0.16452442,0.51424521
NEAH-KAH-NIE SD 56,mth,6,5.83262089731834,-0.501159581130113,0.038560413,0.16452442,0.51424521
NEAH-KAH-NIE SD 56,rla,6,6.56771620691982,-0.684457745716616,0.038560413,0.16452442,0.51424521
NORTH CLACKAMAS SD 12,mth,3,2.48719457073868,0.227933144117345,0.089160532,0.17756793,0.36624631
NORTH CLACKAMAS SD 12,rla,3,3.03679906384953,-0.695952882488215,0.089160532,0.17756793,0.36624631
NORTH CLACKAMAS SD 12,mth,4,3.47515898526477,0.260436995754032,0.089160532,0.17756793,0.36624631
NORTH CLACKAMAS SD 12,rla,4,3.91597962357247,-0.473924021477689,0.089160532,0.17756793,0.36624631
NORTH CLACKAMAS SD 12,mth,5,4.74157603683909,-0.359800321307153,0.089160532,0.17756793,0.36624631
NORTH CLACKAMAS SD 12,rla,5,5.21150410012201,-1.46323355128679,0.089160532,0.17756793,0.36624631
NORTH CLACKAMAS SD 12,mth,6,6.25620235976021,-0.240334717386205,0.089160532,0.17756793,0.36624631
NORTH CLACKAMAS SD 12,rla,6,6.47815875715943,-1.01225671562363,0.089160532,0.17756793,0.36624631
ONTARIO SD 8C,mth,3,1.17287413248636,-0.432944533168374,0.10357506,0.15450208,0.8236506
ONTARIO SD 8C,rla,3,0.905681741597604,-1.01328872389361,0.10357506,0.15450208,0.8236506
ONTARIO SD 8C,mth,4,2.54981496222268,0.0905568681671839,0.10357506,0.15450208,0.8236506
ONTARIO SD 8C,rla,4,2.647075165624,-0.42319371465261,0.10357506,0.15450208,0.8236506
ONTARIO SD 8C,mth,5,4.04626837793052,0.314337335042936,0.10357506,0.15450208,0.8236506
ONTARIO SD 8C,rla,5,4.22310887151741,-0.291837811286403,0.10357506,0.15450208,0.8236506
ONTARIO SD 8C,mth,6,5.36292486363883,-0.300811966236355,0.10357506,0.15450208,0.8236506
ONTARIO SD 8C,rla,6,5.6389720420531,-0.998923793496816,0.10357506,0.15450208,0.8236506
PENDLETON SD 16,mth,3,2.44781570837671,0.170355911578887,0.016481776,0.16164818,0.50310898
PENDLETON SD 16,rla,3,2.1232958075355,-0.308017644975487,0.016481776,0.16164818,0.50310898
PENDLETON SD 16,mth,4,3.33216576812185,0.755793577022696,0.016481776,0.16164818,0.50310898
PENDLETON SD 16,rla,4,2.93575775675688,0.0995194904262966,0.016481776,0.16164818,0.50310898
PENDLETON SD 16,mth,5,4.66819580045784,0.309956317256128,0.016481776,0.16164818,0.50310898
PENDLETON SD 16,rla,5,4.66071624781366,-0.770323779335409,0.016481776,0.16164818,0.50310898
PENDLETON SD 16,mth,6,5.49297630693258,-0.462208235309002,0.016481776,0.16164818,0.50310898
PENDLETON SD 16,rla,6,5.00523080376602,-0.779772360628321,0.016481776,0.16164818,0.50310898
DOUGLAS COUNTY SD 4,mth,3,2.2844114118034,0.350067000936359,0.0070945388,0.12968157,0.60475945
DOUGLAS COUNTY SD 4,rla,3,3.10096131723285,-0.421241112065091,0.0070945388,0.12968157,0.60475945
DOUGLAS COUNTY SD 4,mth,4,3.10044511748223,0.559056186729839,0.0070945388,0.12968157,0.60475945
DOUGLAS COUNTY SD 4,rla,4,3.39787391633031,-0.292612077806884,0.0070945388,0.12968157,0.60475945
DOUGLAS COUNTY SD 4,mth,5,3.90934327476344,-0.0361355906068799,0.0070945388,0.12968157,0.60475945
DOUGLAS COUNTY SD 4,rla,5,4.33699676957536,-1.26324382279833,0.0070945388,0.12968157,0.60475945
DOUGLAS COUNTY SD 4,mth,6,5.26477165032453,0.0858115660422582,0.0070945388,0.12968157,0.60475945
DOUGLAS COUNTY SD 4,rla,6,5.28315980305332,-0.334810899317985,0.0070945388,0.12968157,0.60475945
SALEM-KEIZER SD 24J,mth,3,1.50293398106355,0.252926401593152,0.17269279,0.17481302,0.63072979
SALEM-KEIZER SD 24J,rla,3,1.50373957677495,-0.87185583374038,0.17269279,0.17481302,0.63072979
SALEM-KEIZER SD 24J,mth,4,2.53492249856855,0.253774749622974,0.17269279,0.17481302,0.63072979
SALEM-KEIZER SD 24J,rla,4,2.866966890802,-0.669699866925405,0.17269279,0.17481302,0.63072979
SALEM-KEIZER SD 24J,mth,5,3.78010320804638,0.333528194395658,0.17269279,0.17481302,0.63072979
SALEM-KEIZER SD 24J,rla,5,4.04985751001834,-0.530134778353463,0.17269279,0.17481302,0.63072979
SALEM-KEIZER SD 24J,mth,6,5.02431503631119,-0.0950507501935815,0.17269279,0.17481302,0.63072979
SALEM-KEIZER SD 24J,rla,6,5.40593225862423,-0.814637092776017,0.17269279,0.17481302,0.63072979
OREGON TRAIL SD 46,mth,3,2.73087901966249,0.654507181634504,0.044459488,0.1394719,0.39074236
OREGON TRAIL SD 46,rla,3,3.37904682559786,-0.695968582132168,0.044459488,0.1394719,0.39074236
OREGON TRAIL SD 46,mth,4,4.52094979048572,0.041877863456888,0.044459488,0.1394719,0.39074236
OREGON TRAIL SD 46,rla,4,4.83305179329745,-0.989065099308227,0.044459488,0.1394719,0.39074236
OREGON TRAIL SD 46,mth,5,4.82408952103603,-0.310029285285878,0.044459488,0.1394719,0.39074236
OREGON TRAIL SD 46,rla,5,5.3813591735421,-0.857900313141635,0.044459488,0.1394719,0.39074236
OREGON TRAIL SD 46,mth,6,6.20920794628732,-0.0854707600989881,0.044459488,0.1394719,0.39074236
OREGON TRAIL SD 46,rla,6,6.21157166254662,-0.479255540462238,0.044459488,0.1394719,0.39074236
SEASIDE SD 10,mth,3,2.259449496844,0.457047127264465,0.10031348,0.18620689,0.63118452
SEASIDE SD 10,rla,3,2.21796029013885,-0.884570733454107,0.10031348,0.18620689,0.63118452
SEASIDE SD 10,mth,4,2.82582374419207,-0.469994006887125,0.10031348,0.18620689,0.63118452
SEASIDE SD 10,rla,4,3.41116410356711,-1.60024584695565,0.10031348,0.18620689,0.63118452
SEASIDE SD 10,mth,5,3.49308552719463,1.51613305558364,0.10031348,0.18620689,0.63118452
SEASIDE SD 10,rla,5,4.29219817487344,0.682820057660164,0.10031348,0.18620689,0.63118452
SEASIDE SD 10,mth,6,4.20792259797,-0.509810906871457,0.10031348,0.18620689,0.63118452
SEASIDE SD 10,rla,6,4.98711299566832,-0.343969148383778,0.10031348,0.18620689,0.63118452
SHERWOOD SD 88J,mth,3,4.49601220298622,-0.217272655850579,0.02004496,0.11802173,0.16035625
SHERWOOD SD 88J,rla,3,4.80821878332455,-1.20212972048208,0.02004496,0.11802173,0.16035625
SHERWOOD SD 88J,mth,4,5.46650719693675,0.473588543303927,0.02004496,0.11802173,0.16035625
SHERWOOD SD 88J,rla,4,5.79643263996633,-1.02630722632097,0.02004496,0.11802173,0.16035625
SHERWOOD SD 88J,mth,5,6.71567558757906,-0.0700039901031283,0.02004496,0.11802173,0.16035625
SHERWOOD SD 88J,rla,5,6.71982905236899,-0.769615669315003,0.02004496,0.11802173,0.16035625
SHERWOOD SD 88J,mth,6,7.98821400036777,-0.199724838077215,0.02004496,0.11802173,0.16035625
SHERWOOD SD 88J,rla,6,7.98126236595555,-0.716958740450217,0.02004496,0.11802173,0.16035625
SOUTH UMPQUA SD 19,mth,3,1.17009382849061,-0.0085122024732555,0.0026281208,0.18791065,0.71623546
SOUTH UMPQUA SD 19,rla,3,1.39430431294038,-1.51912175527536,0.0026281208,0.18791065,0.71623546
SOUTH UMPQUA SD 19,mth,4,2.28738718370586,-0.371816240328349,0.0026281208,0.18791065,0.71623546
SOUTH UMPQUA SD 19,rla,4,3.25868885167443,-0.9483551753019,0.0026281208,0.18791065,0.71623546
SOUTH UMPQUA SD 19,mth,5,3.50372618632022,-1.1840308668909,0.0026281208,0.18791065,0.71623546
SOUTH UMPQUA SD 19,rla,5,3.60018010867546,-2.40860513983484,0.0026281208,0.18791065,0.71623546
SOUTH UMPQUA SD 19,mth,6,3.81719186241607,-1.56732233656224,0.0026281208,0.18791065,0.71623546
SOUTH UMPQUA SD 19,rla,6,5.00121487874178,-1.94776709751971,0.0026281208,0.18791065,0.71623546
ST HELENS SD 502,mth,3,1.66607123373697,0.391493697917619,0.01560425,0.17330678,0.46024725
ST HELENS SD 502,rla,3,1.97326682689481,-0.0729955696678424,0.01560425,0.17330678,0.46024725
ST HELENS SD 502,mth,4,4.08964771398763,0.158350155617339,0.01560425,0.17330678,0.46024725
ST HELENS SD 502,rla,4,4.00332457107564,-0.488142384394155,0.01560425,0.17330678,0.46024725
ST HELENS SD 502,mth,5,5.27116181539893,-0.820691553084305,0.01560425,0.17330678,0.46024725
ST HELENS SD 502,rla,5,5.12296419155519,-1.52339666511092,0.01560425,0.17330678,0.46024725
ST HELENS SD 502,mth,6,5.60227884394268,-0.276223621501952,0.01560425,0.17330678,0.46024725
ST HELENS SD 502,rla,6,5.86435359667019,-0.546351899715712,0.01560425,0.17330678,0.46024725
SUTHERLIN SD 130,mth,3,1.44128784632808,0.508315519092883,0.016055046,0.15749235,0.65938705
SUTHERLIN SD 130,rla,3,1.93854271249278,-0.60200420251775,0.016055046,0.15749235,0.65938705
SUTHERLIN SD 130,mth,4,3.18172362819179,-0.893714299662395,0.016055046,0.15749235,0.65938705
SUTHERLIN SD 130,rla,4,2.70666950290825,-1.60335421629492,0.016055046,0.15749235,0.65938705
SUTHERLIN SD 130,mth,5,3.90812461203092,0.0370606911396134,0.016055046,0.15749235,0.65938705
SUTHERLIN SD 130,rla,5,4.11794813254012,-0.743522869524855,0.016055046,0.15749235,0.65938705
SUTHERLIN SD 130,mth,6,6.26884220347233,-0.270738898661633,0.016055046,0.15749235,0.65938705
SUTHERLIN SD 130,rla,6,6.30421980948273,-0.485246669916845,0.016055046,0.15749235,0.65938705
SWEET HOME SD 55,mth,3,1.86571643859767,0.257001509885465,0.0038977913,0.19835426,0.64243352
SWEET HOME SD 55,rla,3,2.3047754943979,-0.785991814614167,0.0038977913,0.19835426,0.64243352
SWEET HOME SD 55,mth,4,3.79448659833318,-0.909777995928561,0.0038977913,0.19835426,0.64243352
SWEET HOME SD 55,rla,4,3.40272913306129,-1.9946448664156,0.0038977913,0.19835426,0.64243352
SWEET HOME SD 55,mth,5,3.53784267543856,-0.371646276566765,0.0038977913,0.19835426,0.64243352
SWEET HOME SD 55,rla,5,3.86004223329004,-1.83814806443046,0.0038977913,0.19835426,0.64243352
SWEET HOME SD 55,mth,6,5.19361834680003,-0.38383607759822,0.0038977913,0.19835426,0.64243352
SWEET HOME SD 55,rla,6,5.02750382202165,-1.2724158369488,0.0038977913,0.19835426,0.64243352
TIGARD-TUALATIN SD 23J,mth,3,2.98737663057384,-0.143954460625411,0.09360943,0.11679851,0.31660554
TIGARD-TUALATIN SD 23J,rla,3,3.69600546804035,-0.984330582635959,0.09360943,0.11679851,0.31660554
TIGARD-TUALATIN SD 23J,mth,4,4.63583951862532,0.541911303726436,0.09360943,0.11679851,0.31660554
TIGARD-TUALATIN SD 23J,rla,4,4.80817264841926,-0.292375039996181,0.09360943,0.11679851,0.31660554
TIGARD-TUALATIN SD 23J,mth,5,5.53887946941082,0.705326840718111,0.09360943,0.11679851,0.31660554
TIGARD-TUALATIN SD 23J,rla,5,5.75011075918913,-0.572228173895626,0.09360943,0.11679851,0.31660554
TIGARD-TUALATIN SD 23J,mth,6,6.70729402251712,-0.393597969374988,0.09360943,0.11679851,0.31660554
TIGARD-TUALATIN SD 23J,rla,6,6.77513770890761,-1.25327444409311,0.09360943,0.11679851,0.31660554
TILLAMOOK SD 9,mth,3,1.83991703665417,0.291072358149863,0.071626619,0.14140481,0.56283075
TILLAMOOK SD 9,rla,3,2.52713543235266,-0.283990532285381,0.071626619,0.14140481,0.56283075
TILLAMOOK SD 9,mth,4,2.90200346578424,-0.190390819018505,0.071626619,0.14140481,0.56283075
TILLAMOOK SD 9,rla,4,3.1680413505384,-1.49454343372282,0.071626619,0.14140481,0.56283075
TILLAMOOK SD 9,mth,5,3.98472399737527,-0.429939610115076,0.071626619,0.14140481,0.56283075
TILLAMOOK SD 9,rla,5,4.13963781864899,-1.92601732442057,0.071626619,0.14140481,0.56283075
TILLAMOOK SD 9,mth,6,4.59146727140504,-0.100263545603066,0.071626619,0.14140481,0.56283075
TILLAMOOK SD 9,rla,6,5.08252428012897,-1.73121220595287,0.071626619,0.14140481,0.56283075
UMATILLA SD 6R,mth,3,1.448399659534,-0.556514273628292,0.27522254,0.12759644,0.79689723
UMATILLA SD 6R,rla,3,0.26319138060252,-1.83049785934402,0.27522254,0.12759644,0.79689723
UMATILLA SD 6R,mth,4,1.36356352496337,0.874236411782521,0.27522254,0.12759644,0.79689723
UMATILLA SD 6R,rla,4,0.653118051788957,0.274264852572778,0.27522254,0.12759644,0.79689723
UMATILLA SD 6R,mth,5,3.52517264271682,-0.502328542072768,0.27522254,0.12759644,0.79689723
UMATILLA SD 6R,rla,5,2.12305931166555,-1.93677291420758,0.27522254,0.12759644,0.79689723
UMATILLA SD 6R,mth,6,3.66237102973188,-0.577340771116429,0.27522254,0.12759644,0.79689723
UMATILLA SD 6R,rla,6,4.91110128174675,-0.434124345333294,0.27522254,0.12759644,0.79689723
WEST LINN-WILSONVILLE SD 3J,mth,3,3.81440578202677,0.699300741029751,0.034883723,0.11375126,0.20090826
WEST LINN-WILSONVILLE SD 3J,rla,3,4.46921167935216,-0.654290409207921,0.034883723,0.11375126,0.20090826
WEST LINN-WILSONVILLE SD 3J,mth,4,4.94246364346103,-0.0558748682012653,0.034883723,0.11375126,0.20090826
WEST LINN-WILSONVILLE SD 3J,rla,4,5.46134331507671,-0.7411625464178,0.034883723,0.11375126,0.20090826
WEST LINN-WILSONVILLE SD 3J,mth,5,6.7187846178886,0.0573493176246273,0.034883723,0.11375126,0.20090826
WEST LINN-WILSONVILLE SD 3J,rla,5,7.16966986921576,-1.20622162290381,0.034883723,0.11375126,0.20090826
WEST LINN-WILSONVILLE SD 3J,mth,6,7.430643655317,0.0438549832706972,0.034883723,0.11375126,0.20090826
WEST LINN-WILSONVILLE SD 3J,rla,6,7.87477781594533,-1.24701793941488,0.034883723,0.11375126,0.20090826
WOODBURN SD 103,mth,3,0.702767817527667,-0.223555276657176,0.31391644,0.15527621,0.77140629
WOODBURN SD 103,rla,3,-0.113751365590703,-0.858737017277295,0.31391644,0.15527621,0.77140629
WOODBURN SD 103,mth,4,1.54452156039415,1.17433985119282,0.31391644,0.15527621,0.77140629
WOODBURN SD 103,rla,4,1.07287773573968,0.263396658087625,0.31391644,0.15527621,0.77140629
WOODBURN SD 103,mth,5,2.52303543693507,-0.101516628795432,0.31391644,0.15527621,0.77140629
WOODBURN SD 103,rla,5,2.17743939395182,-1.61552717707797,0.31391644,0.15527621,0.77140629
WOODBURN SD 103,mth,6,3.28298849889131,-1.19951828560347,0.31391644,0.15527621,0.77140629
WOODBURN SD 103,rla,6,3.82858842553155,-1.62423694850947,0.31391644,0.15527621,0.77140629
